insert into poll (id, question) values (1, 'What is your favorite color?');
insert into option (id, option_value, poll_id) values (1, 'Red', 1);
insert into option (id, option_value, poll_id) values (2, 'Black', 1);
insert into option (id, option_value, poll_id) values (3, 'Blue', 1);
insert into option (id, option_value, poll_id) values (4, 'White', 1);

insert into poll (id, question) values (2, 'What is your favorite Credit Card?');
insert into option (id, option_value, poll_id) values (5, 'American Express', 2);
insert into option (id, option_value, poll_id) values (6, 'Visa', 2);
insert into option (id, option_value, poll_id) values (7, 'Master Card', 2);
insert into option (id, option_value, poll_id) values (8, 'Discover', 2);	

insert into poll (id, question) values (3, 'What is your favorite Sport?');
insert into option (id, option_value, poll_id) values (9, 'Football', 3);
insert into option (id, option_value, poll_id) values (10, 'Basketball', 3);
insert into option (id, option_value, poll_id) values (11, 'Cricket', 3);
insert into option (id, option_value, poll_id) values (12, 'Baseball', 3);

insert into bookings (id, comments, date, vehicule_brand, vehicule_engine, vehicule_model, vehicule_number_plate) values (1,'comentario 1', '2019-10-01','Nissan', '1500', 'Sunny', 'AAA-111');
insert into bookings (id, comments, date, vehicule_brand, vehicule_engine, vehicule_model, vehicule_number_plate) values (2,'comentario 2', '2019-10-02','Nissan', '1600', 'Sunny', 'BBB-222');

insert into users (id, full_name, mobile, email, role, password) values (1, 'Mechanic-1' , '123456789' , 'mechanic-1@garage.com' , 'mechanic1' , '123456');
insert into users (id, full_name, mobile, email, role, password) values (2, 'Mechanic-2' , '123456789' , 'mechanic-2@garage.com' , 'mechanic2' , '123456');
insert into users (id, full_name, mobile, email, role, password) values (3, 'Mechanic-3' , '123456789' , 'mechanic-3@garage.com' , 'mechanic3' , '123456');

insert into products(id, name, category, price) values(1, 'Annual Service', 'base', 50);
insert into products(id, name, category, price) values(2, 'Major Service', 'base', 60);
insert into products(id, name, category, price) values(3, 'Repair or Fault', 'base', 70);

insert into parts(id, name, price) values(1, 'Engine motor oil', 50);
insert into parts(id, name, price) values(2, 'Filter oil', 60);
insert into parts(id, name, price) values(3, 'Filer air', 70);